,stdTT,maxTT,stdWfs,maxWfs,encircledArea
0,0.8886381511498288,2.7167566439700113,0.0023654791882654624,0.018447813996084417,50.28928850664581
1,0.8791476812468432,2.5861084453354595,0.016274139477662153,0.052601970087186145,55.54339327599687
2,4.452533800529529,8.675302604850282,0.08547557638290187,0.12328447428768596,57.29476153244722
3,6.0318920108893606,20.45111426271037,0.01050288548487055,0.02061404652551746,82.06411258795934
4,3.1335457446402133,6.896566023089118,0.02902684690912949,0.06197328999573781,53.29163408913213
5,8.94075516221702,28.43988222762245,0.035908672945650255,0.0728076201351493,126.8491008600469
6,1.12728830136663,2.471246379780796,0.0509875475636708,0.11339344318613753,52.040656763096166
7,1.9346244825295096,2.9723068271645925,0.04299052639979817,0.17099092292945606,50.28928850664581
8,0.8410906255972708,4.209164677624273,0.026089994519362503,0.051739858035598996,62.54886630179828
9,6.130274618755238,15.435396040141692,0.059797613208872114,0.09584641261533056,90.07036747458952
10,1.0131793149498776,1.6276689450128536,0.03427637848669174,0.08091450193442151,50.03909304143862
11,0.9357221454502871,3.7948562251431945,0.005439109980757473,0.09081234612610634,50.28928850664581
12,1.4414866571680947,3.3929245812340634,0.03607043867165177,0.10596154217129916,53.54182955433932
13,1.1867473400837432,3.219275554181572,0.0016503251260742147,0.08106186405637705,50.53948397185301
14,2.0178364618026965,3.5701498389342823,0.05311834829926593,0.15430401562274998,47.2869429241595
15,1.6540675813932113,2.9551304297300747,0.038856178921950535,0.046563935577052074,62.54886630179828
16,0.9752076907013071,1.784871343177597,0.03458348106776854,0.12004972920143564,47.2869429241595
17,2.836791369165065,4.016569936564825,0.009701090679670399,0.07240084539073166,51.290070367474584
18,0.2811812963332654,1.2235998216947594,0.03045378741409338,0.11895896546766105,48.03752931978107
19,0.704315866465905,4.496692480899777,0.002911863029555928,0.011127484064344495,49.038311180609846
20,5.5430770735558115,15.04543628941873,0.03944206976683795,0.06326116049190988,88.06880375293197
21,4.533795854021112,19.09113838152176,0.06914603293607513,0.09944830879198674,86.5676309616888
22,2.091793731596806,5.026771692500034,0.06553944177147181,0.12804492054093053,48.53792025019546
23,0.6411205691413884,2.026501699993583,0.003176507295666986,0.07158476579271122,54.04222048475371
24,1.8826039958808256,2.6473109078725496,0.008425450946822122,0.0814473159345841,54.79280688037529
25,1.969710692474452,2.9664670841869984,0.014186212900078599,0.18714590376649998,54.79280688037529
26,3.4312795415626525,6.717805959054019,0.02522169861749568,0.1414900094295255,57.79515246286161
27,6.2966429837230065,16.409413473083948,0.04301621048593712,0.08300907099421395,82.06411258795934
28,0.41564290193239495,2.460833329066965,0.05178250844201954,0.12388967004720686,55.29319781078968
29,1.8128065788079515,3.690195282654363,0.08704436352761924,0.14332139195035232,47.53713838936669
30,4.9686767257417905,21.860634468098883,0.05207159162785602,0.13880960387430108,99.57779515246285
31,2.1457962517944855,4.46182370079629,0.0908946289302145,0.11715969794451464,55.04300234558248
32,0.47123176654509646,3.252753344162783,0.036139219305342474,0.06726603080337501,52.040656763096166
33,5.818975448648286,14.84176146054232,0.02500213477573543,0.031723245559241886,102.58014073494917
34,1.091500233569891,4.276540881390586,0.007585269256104199,0.16067435080778747,52.54104769351055
35,1.1238772052495316,3.4513893547367434,0.10499259027573454,0.13515069094099985,49.288506645817044
36,2.8939597287871264,16.242628163594887,0.04206903453602695,0.0537300347539722,96.07505863956214
37,1.801745685217665,3.9963619644913253,0.017834569896661046,0.024537936469476662,48.53792025019546
38,2.210216051359834,2.9815120464171683,0.02980320758067201,0.05830538945765906,56.794370602032835
39,2.79411238065515,6.54677789022304,0.011131252777094869,0.09560142246328318,57.79515246286161
40,3.467782549714488,16.907155769867927,0.0915646973898337,0.20344064608247459,67.55277560594213
41,0.3110532983139039,1.0633061407216844,0.008853298619549033,0.02055423061344952,58.54573885848318
42,1.9862989609633201,2.8026670725007397,0.0781088258885621,0.14961653891046434,64.05003909304143
43,6.335237970519106,21.169591107258714,0.011674520763966745,0.0957151940995179,83.81548084440969
44,5.923767208733645,21.949879974712623,0.059363599239442455,0.1157114549944247,89.82017200938232
45,0.9626166018665188,3.9472618249215192,0.0008093242067819806,0.04140126863440363,57.54495699765442
46,6.175361342178835,21.225375781686406,0.09803094806584661,0.1040423025510242,111.33698201720092
47,3.6589517764315165,6.895366155091581,0.02497960035735658,0.08783203171764142,67.05238467552775
48,2.0091130442992333,3.1388937770802072,0.06966438905855515,0.12708988583106273,54.79280688037529
49,2.0298607333321113,5.01154522715795,0.054826578249471514,0.09153839480770132,63.04925723221266
50,1.4499173314841958,2.82248035549563,0.04939159219063882,0.23200537208203487,46.286161063330724
51,0.3298797549561309,2.0663986269197596,0.07051649118325876,0.08925523880249908,52.29085222830336
52,0.5880110368948576,2.8736125964963355,0.01095668909498243,0.015503962197221832,55.79358874120406
53,0.5895658750203064,3.8919155310313482,0.0774852001869451,0.13512496326492762,48.03752931978107
54,2.334796477635266,3.8926315174952246,0.05517173406935172,0.10278585767130533,53.792025019546514
55,1.5072910418980079,3.5456779674950756,0.0854148762597653,0.12829404113263065,49.78889757623143
56,1.7728417711340752,3.252506569886883,0.004739786489314224,0.05218452734116319,51.290070367474584
57,0.8292814244669646,2.8972820245933866,0.01634602839227306,0.05125851210431076,55.54339327599687
58,4.598877134489939,18.015832967379964,0.06703016273303203,0.169283921695628,64.05003909304143
59,7.124472035342325,21.56315978856256,0.04088935059688231,0.04122521236497789,85.31665363565284
60,0.5505881597005906,2.6226111532140317,0.0027750460421043788,0.14833164440628277,51.790461297888974
61,0.43880083639923556,2.5034689571227577,0.07173633176276867,0.08740908895095323,54.292415949960905
62,0.396453277062041,2.774364948369565,0.0394231792522462,0.10365117528378653,54.292415949960905
63,0.24904100446662072,1.8539537289408832,0.05258259983382674,0.143362648382785,53.04143862392494
64,1.4413309711478037,4.157859439693285,0.07639633601411722,0.08749308834925429,52.040656763096166
65,1.1234427434487053,4.158691737162363,0.05475885392324881,0.10798243067937441,56.04378420641125
66,1.8965472696766739,4.292550670411863,0.08833284363047095,0.10649800066037729,71.05551211884284
67,1.2351805948040826,1.9492382221768567,0.006565290979732019,0.07666921830002671,51.290070367474584
68,0.9545975604903266,5.480097099643714,0.016433002169114086,0.11483370926747583,58.0453479280688
69,1.4101975178662551,5.666058641615509,0.00013159987063771084,0.14008008106348602,60.04691164972635
70,1.399030368158782,4.85942621047291,0.05946329967435826,0.14772847535642708,58.29554339327599
71,0.8240640880335838,3.261043747592241,0.059169896972041,0.08689262487168026,54.79280688037529
72,2.391597831194039,6.406212445007407,0.03504987634366735,0.06411093147464775,58.79593432369038
73,1.2518258276570928,2.3222811962175833,0.021079225376511967,0.16374249106501948,57.04456606724003
74,0.6314464276106945,2.936757195863645,0.04071019827417649,0.2022893709799486,49.538702111024236
75,2.426350201509188,5.084971374912377,0.024670338231865374,0.0778035947237169,51.290070367474584
76,2.5706331708009755,7.3114011462758635,0.053574325245365206,0.12226438010036389,56.794370602032835
77,2.934055786306882,9.899575033858065,0.032002412564223426,0.08566426886558132,66.80218921032056
78,0.9301759906048737,5.399881596814076,0.040361870659897714,0.06333818652249601,57.04456606724003
79,2.8746215184012507,3.6186682943807376,0.010792633497148929,0.04568426902784417,51.540265832681776
80,1.1523348716155466,3.3434280379515737,0.010207675939144012,0.01684854948435599,64.05003909304143
81,1.0153585012363475,1.6963327274995252,0.0846765922571393,0.14759478666019343,50.53948397185301
82,1.5975387150230362,2.8188977030012423,0.03624465985600461,0.06739017750216869,49.538702111024236
83,0.459575601244446,1.5026886570124598,0.017264216672372212,0.089984862828132,50.03909304143862
84,1.4448359832387123,3.943794476785713,0.013749375004066866,0.027483056484713053,49.538702111024236
85,1.0749078788831226,3.4263417693763683,0.0513621563897787,0.09362198768544094,56.04378420641125
86,3.257409043691212,6.320433377368068,0.019825809451568865,0.026947527801820526,60.04691164972635
87,6.947284180004101,22.448538424257023,0.03174313339769719,0.15255414981248638,102.58014073494917
88,1.5243217836846386,2.619977989029838,0.05603484194002739,0.11946790141147923,57.29476153244722
89,2.4049668887410474,5.0230212025482635,0.0498381124343783,0.05803220224736039,57.79515246286161
90,1.813107782876327,4.939541261231907,0.017438430064518784,0.043629630849687184,52.54104769351055
91,1.314555318593279,7.61187286928859,0.06699741975333273,0.08027731172400632,57.04456606724003
92,0.7291745167733326,4.418969432540277,0.13577951952894557,0.17613205419557343,57.54495699765442
93,1.2628221992725086,3.8830205506128324,0.022529811502384145,0.16370810312021689,50.7896794370602
94,1.127125501758603,1.8889757973233896,0.023012499951113763,0.04994821489358503,51.290070367474584
95,0.4227902616695015,1.3306489213808006,0.004509837112324722,0.06100795606450693,53.04143862392494
96,5.854388409993459,22.115445601004964,0.05968905496918009,0.09101320091633969,105.5824863174355
97,3.2840772316682534,7.124769904563407,0.001303551870518338,0.05326587580901054,56.04378420641125
98,2.9661728299245533,8.446639307418106,0.013371315519767002,0.03653951383373688,64.55043002345582
99,0.5225737857046098,2.4474431245801975,0.04612763378252077,0.058739913792765885,61.29788897576231
100,0.8996688232091765,2.409123616324893,0.03020061082986819,0.12264954139222439,51.790461297888974
101,0.9021799118118535,1.6509870387417342,0.041647454225977876,0.12225239049774272,55.54339327599687
102,1.3483276959580033,5.241085454979766,0.05045906114563786,0.06423686619102476,64.55043002345582
103,4.200263063854269,19.179375748090305,0.05454095072305132,0.14032976839857336,75.05863956215794
104,2.065552290304582,4.414054991688551,0.07257000007416142,0.11258203368551112,53.04143862392494
105,1.2257623602277612,3.4865344737409663,0.08870412094614516,0.09325541044488916,51.290070367474584
106,1.1456096990644735,3.235806789361919,0.020576875931854477,0.16447929264240513,51.03987490226739
107,2.875565053366676,13.514690570314713,0.044832703300040855,0.06240783335574007,74.05785770132916
108,4.65620677594747,10.055400260185978,0.013014966748861101,0.06998531146825393,92.57232212666145
109,4.211720590386157,5.9432019667910385,0.04011090123072136,0.1051826857814151,47.53713838936669
110,0.46778044273530567,2.6943365195050437,0.09511176130757659,0.1605988157504955,63.04925723221266
111,0.6113669263850304,2.6827310868849183,0.06304442967239887,0.23287691217604178,49.78889757623143
112,3.3921944309790804,15.509005534450042,0.0029878259525049633,0.1624237256022285,66.30179827990617
113,2.4669028069216976,5.680725151068076,0.0742648650944231,0.09608779211547591,53.792025019546514
114,0.8770547453180043,2.297293026147186,0.04753112735942455,0.11109725369159795,57.79515246286161
115,0.95629821757033,1.6951407774314353,0.05019486583433491,0.05467860020155846,49.538702111024236
116,1.5293731746006813,9.733092374541537,0.06296860797576093,0.07205198747980235,66.55199374511336
117,1.4396571332659618,3.5819300919777657,0.000438257841304579,0.03622597523460103,61.04769351055511
118,4.2303220227054705,7.208799130772105,0.04096511783222684,0.08155563399867183,58.54573885848318
119,0.6998962227091069,2.1764778121578345,0.06351651347561915,0.11650723541607144,55.54339327599687
120,0.8043450265091396,4.400037566984387,0.07046447738798634,0.15649571254760952,75.8092259577795
121,0.33815559893985436,1.8011510080243613,0.008877104321946494,0.04573447330813629,51.790461297888974
122,1.2954706588130414,5.573726286905097,0.019702867788336798,0.0824972986494632,63.04925723221266
123,1.0825290844640094,4.815975965190057,0.0025046896904567517,0.06501903623423388,53.54182955433932
124,1.4061013091511898,3.465999711872051,0.04195452669586969,0.04284484539920319,49.78889757623143
125,1.5624556788386137,6.765206758926673,0.0061713922210104855,0.07463215427674552,57.04456606724003
126,1.2014645836611217,3.466190963816633,0.004807780858782418,0.07745917061221552,60.54730258014073
127,0.49852624131447504,2.337877553712588,0.03863962554785905,0.14071459058219216,47.2869429241595
128,1.9233488454771839,3.301677842172919,0.012931895888577516,0.16745875919812236,57.04456606724003
129,0.7261114029392615,2.6969997923459714,0.012720439733617472,0.16604598114303604,55.79358874120406
130,0.40988370196913493,3.623993204178338,0.02611429320599573,0.19524746779489788,49.538702111024236
131,8.498466137810544,25.966544415018973,0.1284746578670955,0.1512310096030881,111.83737294761532
132,0.18336185889598472,1.198784008850189,0.07528506356682357,0.14601291048647247,53.29163408913213
133,0.4804309991808146,1.5653978629988865,0.047910916998423314,0.049668539196527806,52.29085222830336
134,0.7393918362502248,4.411434077574137,0.024007537778959864,0.03866249551364476,51.290070367474584
135,3.093408764957348,5.1994408601069635,0.04949611345899391,0.06316250366533249,51.790461297888974
136,2.422994992459561,3.065891507233284,0.040203498081923084,0.09537940903599029,47.036747458952306
137,1.4953782150332613,4.615881511625566,0.00859312564553466,0.03406254916384821,59.54652071931196
138,0.7984434734684615,2.919274038092622,0.017261206123364403,0.10690973629855594,47.53713838936669
139,1.0012109958863284,2.4604367959812006,0.12863653894157134,0.14151819499618756,46.78655199374511
140,7.367987204384831,21.43853442752605,0.1326157333247565,0.1626202937396779,89.82017200938232
141,1.880540314493222,3.7277570808663967,0.0030071290963763486,0.019030928156542504,52.54104769351055
142,2.3337686671652005,4.193694007938345,0.017693273730873038,0.16695120787375006,57.79515246286161
143,0.42104655963136933,3.264388818903145,0.0519364263695965,0.06340311154327694,54.292415949960905
144,0.3075737664861685,0.8324072857187578,0.056992315861789655,0.0571583083522359,51.290070367474584
145,1.1314998577032007,4.498751433241463,0.05783873482641927,0.06742631493610707,58.54573885848318
146,0.5994870241558254,2.6661043070676285,0.00214915362430379,0.06744556522619127,48.788115715402654
147,0.4909403942449325,2.3362428022377526,0.08898571352369966,0.16096996176558198,55.04300234558248
148,1.5798036975277472,2.916782833863086,0.02131441720265398,0.14756012032675714,61.798279906176695
149,1.128761139171918,2.0540252984451617,0.0464795644778811,0.17181823483360692,53.792025019546514
150,1.3327792332418984,5.102799915203455,0.023421011348746523,0.04071324279277688,63.54964816262705
151,5.0340309487731405,7.076963648915206,0.027543817023927886,0.06588104118655236,54.79280688037529
152,0.8309579138906881,4.354293320399937,0.102942271135607,0.12935934758580325,58.79593432369038
153,3.1490492375129344,5.513152826600371,0.033740661958660045,0.04172965706879306,59.296325254104765
154,1.0802039145636937,1.8678223126824314,0.03538800883100962,0.06683728752592055,51.790461297888974
155,1.881676527351681,7.799393361561916,0.04985651119331114,0.14663729027704853,68.80375293197811
156,1.0549022427057593,5.348666748429626,0.030334098304055424,0.12946488829030078,58.0453479280688
157,2.260418610034573,3.3576623693617798,0.04825781041497268,0.08646710671180502,48.28772478498827
158,1.194733889982794,5.8181594488332165,0.14654062434781723,0.1735897253634433,63.29945269741985
159,0.29048078441992864,2.351717118634379,0.018746291324378717,0.056983374181194035,51.03987490226739
160,0.5372950543805659,1.7918692141374875,0.011014290973042129,0.0810933837900435,58.29554339327599
161,1.9733505552085773,3.6908427612258876,0.04124719801583787,0.11421790168204604,51.03987490226739
162,0.27276730020883755,1.245115818268177,0.0016047898427323237,0.05274515521539502,48.28772478498827
163,2.1818365517858522,5.303554212051988,0.06234541537964833,0.11175628926833847,52.54104769351055
164,1.7904872482933676,4.540092197088648,0.021563060211271634,0.0740945187804195,47.78733385457388
165,4.936172950560922,20.887888223647924,0.0035719074963269093,0.13655717431797154,89.82017200938232
166,3.219311644435156,4.032721235184739,0.005342335103544482,0.08999947492636229,54.04222048475371
167,2.226107704895306,2.845150949811911,0.011707430304082889,0.03375563404693982,59.54652071931196
168,1.3787083834341252,2.1687602123652026,0.025156193202471866,0.05569425300372388,50.03909304143862
169,2.266139730808016,3.471071358928218,0.05462859639537504,0.08898444339765677,48.788115715402654
170,0.7779299692486057,2.016645632499355,0.0606900995585235,0.13482234496517276,56.54417513682564
171,1.8002151026628797,4.629551796046973,0.024749133030372905,0.13946283799306425,56.794370602032835
172,0.760356385837141,3.2386199714024237,0.010347658173699703,0.07266805813163468,47.78733385457388
173,1.7788339162855542,3.2878479216608234,0.055387438483816,0.1121489939829019,50.28928850664581
174,2.043850142222368,3.2144924286952326,0.046120410885638286,0.07310981469222766,53.54182955433932
175,1.6186446544097466,3.9830001643994355,0.05344552641395084,0.10004027210533617,51.290070367474584
176,0.6996052220173251,1.3198446093931522,0.04835955834825584,0.19803970955431327,46.286161063330724
177,2.139354579854962,4.274644301867869,0.07118520097910519,0.14757120665573153,54.542611415168096
178,1.0843947166162842,2.527282455351541,0.07255279971415607,0.09046461541948891,57.79515246286161
179,2.892519676650245,5.103526362760629,0.05775309602504586,0.06662698102696474,53.04143862392494
180,2.6688951194516353,5.501147663314787,0.07133192173618275,0.1537801576820622,61.798279906176695
181,5.994632144699216,19.992448332977357,0.07422797642792373,0.12606386634881883,98.32681782642689
182,7.426818066006557,23.160198927241638,0.02624179638829699,0.1590812255529176,98.07662236121969
183,0.2470772512672023,1.1286166892253802,0.0622675003439907,0.11169659928408415,62.298670836591086
184,1.9276243294037145,4.3938946784108595,0.010668709928024711,0.0768809568741392,53.04143862392494
185,1.141937807567782,3.1818668265987258,0.04095027398804857,0.0790076937467672,53.29163408913213
186,1.1423120799609652,2.682901546329285,0.006759887747959881,0.03789557105688135,48.53792025019546
187,2.283602298571829,3.5083170266133368,0.02034999646394714,0.047132568096645455,51.790461297888974
188,2.6154301948227685,4.590974831208128,0.04055295836674416,0.07061650121453933,52.29085222830336
189,1.0983602623271693,4.477011140800539,0.058737384741178233,0.06944602291691637,52.79124315871775
190,7.036776761412525,24.655299334057283,0.010833211800144293,0.06506118010757744,87.31821735731039
191,1.1081761265456966,3.159659627234268,0.03992383321896442,0.046042875915320525,57.29476153244722
192,0.8087666373593532,3.6789743219329467,0.06398395920911726,0.10807189840772924,63.04925723221266
193,3.066494216439814,5.285701523035204,0.08737614467907123,0.11798668651702404,45.78577013291634
194,0.41065753138919797,3.1477792001686926,0.12084471521971396,0.14302618738587225,49.78889757623143
195,1.1551584198144633,2.469292094524521,0.032910751609804334,0.049400551362762224,51.03987490226739
196,1.0148108449190245,2.920421793484895,0.023319620408818353,0.08016318493345698,48.03752931978107
197,0.4006251849304407,2.741868413168725,0.0036237798409559097,0.015916289777021198,53.04143862392494
198,3.7463323836330837,16.313087619216468,0.021540899313177708,0.06836502708522374,82.81469898358091
199,1.252847370226165,4.943504826480214,0.11047819103189094,0.1364949163924184,53.54182955433932
200,1.2823800510908436,3.8555692658445126,0.013455414908113361,0.05552222858278766,56.794370602032835
201,1.1796230470133326,2.429123592483518,0.051179320363687886,0.10843565178304726,61.548084440969504
202,0.42515685061002034,2.8085377788102055,0.044571564514561735,0.09464617264158903,51.790461297888974
203,2.600604498737848,4.44779811036717,0.014011382224645652,0.029398034865622424,59.296325254104765
204,0.48257258645471984,2.278102438079281,0.049263910549932455,0.05353294421872745,55.29319781078968
205,0.4906563743690173,3.726559074339997,0.05807254777012533,0.06623893935529235,57.79515246286161
206,3.1960928541702285,9.95409828712931,0.02569169527517401,0.08774812214295924,79.56215793588741
207,0.6450327306242395,3.151154361620448,0.03163279911201111,0.09303044775444191,51.540265832681776
208,1.2845720779797023,4.121721070942614,0.039985501700209536,0.04469489265418258,50.53948397185301
209,2.356981315625863,3.2518038829276383,0.05662256300452795,0.10229135509612375,55.04300234558248
210,2.016144113592273,3.6150621743731577,0.00934681250151953,0.057436964132803525,51.03987490226739
211,0.518246303048247,1.7582238157175432,0.05424914303080919,0.1587167178441049,49.538702111024236
212,0.6270407139622356,1.9706876972664533,0.00014850120400988764,0.04969272225133847,52.54104769351055
213,0.42365925703715973,3.1816769886576743,0.020068920394821554,0.022905915860387926,51.03987490226739
214,2.380439225331087,5.278386432384269,0.12017320000519305,0.16928293179585152,66.05160281469898
215,0.8541761496048798,4.473942269906898,0.009340629381523635,0.10825444215572055,60.29710711493354
216,6.5905937222162185,23.134628705669492,0.0006758743793127131,0.021173996891574065,85.31665363565284
217,0.7392721851979854,1.3754196964515866,0.047749263883689774,0.12027671344462765,50.53948397185301
218,0.7160466327996532,2.2621740319392036,0.0172377498642986,0.0850695540107097,53.04143862392494
219,3.5687755300328066,7.156370960745826,0.02738262340670583,0.10550655227785355,62.79906176700547
220,2.0301395901900094,6.641284443617149,0.1054538479071423,0.11520664964106708,60.54730258014073
221,0.8395991782330384,4.086551156072497,0.03989059238021553,0.08747393946801718,51.540265832681776
222,3.6132767306469766,14.340769713677668,0.04892359838181559,0.17352146579038563,72.05629397967161
223,1.7306799266002213,4.304601425954522,0.010747820074461734,0.0862317742653862,59.54652071931196
224,1.2374406472283654,3.4229741781621192,0.045189095932470946,0.11910287686138288,53.04143862392494
225,0.5985222190304926,2.3114478768330162,0.07068239795918357,0.12860442852431364,53.04143862392494
226,0.4823973275312723,4.070781661649594,0.0017167781750817013,0.07855782678037437,61.04769351055511
227,5.355833422011682,20.510943923933272,0.02672602624585929,0.12180238845383351,103.33072713057075
228,2.681265635628504,7.121768920353771,0.054306378709483294,0.08021426024759637,63.04925723221266
229,3.186995713270093,4.777746953117277,0.10359340417153207,0.10678815713845724,74.80844409695074
230,0.8824159619229469,1.8518501986710632,0.07906792480549218,0.17093356989209196,44.534792806880375
231,0.9995251946122081,1.5416200323355511,0.126335496421075,0.18099070459043887,52.29085222830336
232,0.6806940983079062,3.258248011277188,0.018339297966614043,0.0320500689480373,55.04300234558248
233,0.6047593699178669,3.520202495098693,0.02063390165374629,0.14968707423075844,48.03752931978107
234,1.4455444158809099,4.238850621067116,0.07009473486452694,0.12464293457018738,55.04300234558248
235,1.0404063879346306,3.2697371839275444,0.08500386827670159,0.17821161447689338,58.79593432369038
236,1.495871478749403,4.061634739685669,0.1156153868660647,0.13172664699405812,53.04143862392494
237,1.1273317876114888,1.660147180097884,0.0005330853456002038,0.11759550913347672,52.040656763096166
238,3.018416023190545,3.7219974867276795,0.12808713415476558,0.17710172946658242,53.792025019546514
239,1.8179779125698436,4.045613113473987,0.07252672035699226,0.20511359838489895,49.288506645817044
240,0.6881433039169138,2.714291711231779,0.019208988627366474,0.08429353592686795,54.79280688037529
241,2.288626678117512,4.966142910655816,0.06093867454241686,0.07034611550666259,59.54652071931196
242,1.2058983046791425,2.1479428022427713,0.029917774378076134,0.08285270663604061,51.290070367474584
243,0.7264263411305594,1.983905957789559,0.016820052448460243,0.07346858388675748,51.290070367474584
244,3.16391514610516,14.202744672035712,0.01699625433290103,0.17956212177765285,62.79906176700547
245,3.6745740693017277,12.721341877318412,0.0695003666807757,0.11956542555807892,62.298670836591086
246,4.260694128872576,19.27989762567632,0.07093421615952061,0.09452344687565295,85.56684910086004
247,4.549046605749533,9.834158654818534,0.013094994464756204,0.022123384523646372,59.046129788897574
248,3.661008516797164,17.683518884627595,0.05184909948575328,0.19682504861492378,89.31978107896794
249,0.9202898290404353,2.6656549288117204,0.04010926449444363,0.1449963138116781,48.788115715402654
250,0.3189555470682557,1.5135386624173701,0.013983365496152589,0.10185710444542873,52.54104769351055
251,0.8095288966239561,2.532870072999349,0.10837556635249534,0.13566658331553683,50.28928850664581
252,2.0658316855378565,5.578175078991628,0.009072009381783375,0.08513477221689825,47.78733385457388
253,0.5147871940949761,1.3289742052302964,0.08900823635507565,0.12589133461075808,51.790461297888974
254,0.8181030698701669,2.7432499876389675,0.015261147168256162,0.04036389430408249,50.53948397185301
255,1.022138581498357,3.356222391338631,0.09606767665708965,0.19897019375476188,48.53792025019546
256,2.0196219739219825,4.09202813724058,0.01922663674248315,0.056746661339112436,46.286161063330724
257,1.4281715738099074,3.0878571308610034,0.09197463610717449,0.15397526034622933,51.790461297888974
258,1.1773622731859585,4.296972220034925,0.07484068861840248,0.2128630040888384,52.79124315871775
259,1.083978247977956,2.242268223634393,0.06940923718707681,0.08681646537875598,48.03752931978107
260,0.4158700109358556,1.2248060278405688,0.0695774843170257,0.11386158464878982,57.29476153244722
261,3.5866837883613774,8.006888488796239,0.06404697097235695,0.12546871146642635,53.54182955433932
262,7.5418605953312845,24.377729369451153,0.016642755717535318,0.0534384750954533,105.0820953870211
263,2.910371371806436,16.640854572058224,0.02615197600469915,0.1566486075947806,101.07896794370602
264,0.6680066271427605,3.7567558258313354,0.014687532217382837,0.021946709402099418,57.79515246286161
265,1.2087480697354367,5.801168238435018,0.03121806457450732,0.03466769442668105,54.292415949960905
266,0.4237201142928236,1.1289921046813016,0.02958890952568649,0.030799896049319653,55.04300234558248
267,2.3839094144845854,5.903268129487149,0.10259940045829402,0.10271655118036449,57.04456606724003
268,6.4781662772692155,24.10606987104709,0.03291799030605708,0.10554095060862967,87.31821735731039
269,1.7196847324011186,3.779211759293748,0.044517234265070094,0.13559639792580191,49.038311180609846
270,2.8798282653138974,6.308665746140381,0.11157282273285074,0.15870164353711713,60.79749804534792
271,1.044271799259026,2.3093247782870447,0.0558326328169963,0.13832075235992758,49.288506645817044
272,3.820067609116489,5.0461979912954735,0.005838988460089289,0.00871433308413272,56.293979671618445
273,2.223339028838619,3.911164363433457,0.004029638638378907,0.040373614795490176,52.79124315871775
274,2.703009973442044,7.234256806252179,0.020889742409727796,0.034155504736262166,64.30023455824863
275,1.1416913837569576,2.37550041239685,0.011167131681522169,0.01898078040766793,48.788115715402654
276,1.686590537988453,3.5932343232927053,0.025221266532604147,0.07660688314616881,51.790461297888974
277,0.8961835675230132,5.239714877299106,0.08569566284832014,0.10756377494270841,64.05003909304143
278,1.0756614802658804,3.5461812042693577,0.0014511524794366126,0.05246283615931557,51.540265832681776
279,0.5034540120830314,3.6087169966641808,0.014066776955573568,0.021934077199951996,53.29163408913213
280,2.5172680335390085,5.214570813897123,0.08968325828716656,0.1113081066913898,57.29476153244722
281,0.3574542340476991,1.5867256498401527,0.023937780547838128,0.1074091100289899,49.288506645817044
282,4.297823048293652,5.548190399373473,0.010657017578023675,0.11653991833656807,54.292415949960905
283,1.5598503671983062,6.430630572555919,0.014880156974084568,0.0705677968080688,64.80062548866302
284,0.6149513177499238,2.576613482100546,0.014822620357362815,0.024630105610885855,55.54339327599687
285,4.476194378653543,7.299936335682752,0.06153689143011504,0.10418157956216856,54.292415949960905
286,1.6698152241587711,2.1992401324381485,0.01976178144945895,0.07620766801003653,52.040656763096166
287,1.704091460904805,3.5363377837823897,0.08990817877111196,0.10652879355823885,47.036747458952306
288,1.171806820288946,4.977496566626071,0.05887540703135885,0.12184078135886423,57.04456606724003
289,1.5902371693549922,5.690978239462083,0.03357282198857481,0.06403717520470964,59.54652071931196
290,0.5968777049085441,2.302815548886587,0.030648122718483384,0.040277028441094265,53.792025019546514
291,4.729419061012151,16.25668432470367,0.07737229104811072,0.09584273847310498,109.08522283033619
292,6.467268307178155,18.32441842399659,0.024139403461413522,0.03295791618711297,81.31352619233776
293,0.41008780996025684,2.8459020367107377,0.017541900063258065,0.041297821670510215,55.04300234558248
294,4.247751904068115,19.46937804479117,0.031943370069543786,0.11989992419136042,74.55824863174354
295,3.2720626490518505,7.1691425307015155,0.08827981813170976,0.14573735378377706,52.79124315871775
296,1.1373721296934547,5.100891899638937,0.0046061741283392466,0.0894202447392547,55.54339327599687
297,4.803612944612561,10.133982597840626,0.02758074940961791,0.06883498303492985,67.55277560594213
298,2.256187067086401,3.193108687417808,0.031608013612584085,0.07855452315369027,51.290070367474584
299,1.7996991315004431,4.150549046960159,0.01773611515072232,0.10251809122800393,51.03987490226739
300,0.5700191067210805,1.149299057605824,0.0018154680470826579,0.07957031847222829,56.04378420641125
301,8.43634816528588,26.99956332622571,0.019249971787856923,0.03188461220823491,94.3236903831118
302,0.4734204643578471,1.711538296129342,0.034076788082307685,0.12310592908261786,57.54495699765442
303,1.9929833458826693,5.122184376447228,0.012212580661114525,0.14950013596022482,51.290070367474584
304,4.19535689560069,20.104337712646554,0.0039531485945557,0.015643256602197564,80.56293979671618
305,1.5607474763729898,6.378464620925474,0.07039789331145457,0.1078405864097769,63.04925723221266
306,0.5990251221169387,1.5251676353392867,0.02013451925480597,0.11457311317563668,50.53948397185301
307,3.124588212945077,10.271877079704382,0.0032784589135915754,0.06478335257736412,74.05785770132916
308,0.5374466047761534,3.1498713831754754,0.013381383607864283,0.0964411836966369,60.04691164972635
309,1.038426717981978,2.8753239849928915,0.08009363478215709,0.22284210832906004,48.53792025019546
310,2.4872896730823464,5.268961057398554,0.010116686464662072,0.12497808367904073,55.04300234558248
311,1.9360093886865137,3.3982896946524392,0.04079448647209327,0.1242283504992242,49.538702111024236
312,4.1165452356030325,7.164955674672967,0.06887655188897923,0.10644971343142962,63.79984362783424
313,7.479959865626674,21.988704867993135,0.015291671535026308,0.019932565695212734,105.5824863174355
314,6.245077004485043,21.499707877962344,0.045422395103079494,0.11006654295023688,100.32838154808444
315,0.6878191735439757,2.8554994804813045,0.025985429843220165,0.1086350864874921,58.0453479280688
316,3.1202040155657467,8.580439976886309,0.04119485905108705,0.10097782199739547,55.54339327599687
317,1.3960907225054904,2.533464400262816,0.041184268363707754,0.06960837297776434,49.538702111024236
318,0.24254370735220898,0.8186316525095944,0.03831596951757815,0.14332611945823814,52.79124315871775
319,0.6880202891577273,1.8632476609235087,0.04506742897391702,0.13837308328972275,51.790461297888974
320,1.7751367416794022,4.907243408465788,0.019519175518034115,0.08582506681560831,53.04143862392494
321,0.952617742589847,1.9357215068940912,0.016625497382064147,0.029368527689589197,57.04456606724003
322,7.405092369816107,20.27886419678088,0.010842177519862994,0.13332876460026444,74.30805316653635
323,0.826153341811549,2.742525604874208,0.041976466089488906,0.05669945749752647,47.53713838936669
324,1.4190490826581421,2.4589465403144,0.07182210182155158,0.07906535488964095,56.04378420641125
325,5.490523312580415,22.896183321406852,0.1091765737783662,0.21641554915577232,111.08678655199374
326,1.1248375964796522,1.8995893991589934,0.06471207108817822,0.20534339581694538,51.540265832681776
327,2.8001805156548483,6.824737874441487,0.0019728945647538576,0.038127288688302285,62.298670836591086
328,0.37741964449793114,1.7073059736814047,0.05283582927103858,0.1582696365742966,49.538702111024236
329,1.1369622619801558,3.4101533879473616,0.011981681985771264,0.13001298981706844,53.29163408913213
330,2.654414844496542,6.972470441403947,0.02688147579066935,0.06494160672385163,54.292415949960905
331,1.2945802270686297,2.2266594503760495,0.043477472054153365,0.11906381230470098,52.79124315871775
332,0.2643667594829689,0.9499866341531252,0.04576481780116226,0.10313493445305755,54.292415949960905
333,1.4262483662946275,3.82490573331065,0.004152743090941657,0.021617673212808497,56.54417513682564
334,3.3490931905596564,12.82044228680449,0.03145648993921951,0.08880992282649769,71.05551211884284
335,0.5754974091516699,1.9371797067035461,0.0001686075220798111,0.058981669960625926,58.29554339327599
336,1.1697226761723245,3.5097041458365092,0.06603616434874038,0.1030017789700638,54.292415949960905
337,0.6274226686977911,2.693696927831454,0.0708756590876396,0.19361680505200374,49.78889757623143
338,1.265928696270267,2.7291196836284763,0.02316549626165959,0.0967623271836916,51.540265832681776
339,2.173138547120485,2.9377238792510014,0.04034388207250139,0.0941190915155371,54.04222048475371
340,0.7311284509006478,2.507250902245181,0.06908117939387598,0.08124941711535771,62.54886630179828
341,2.375711018226157,4.291365885877094,0.05904609886764767,0.06534597726068414,54.542611415168096
342,1.1866737593879138,2.9789507235552737,0.03875281616348625,0.19764285710460572,50.53948397185301
343,0.6486143097051955,1.6693596332248708,0.07878464949209119,0.12074284997844931,53.29163408913213
344,2.388204666451417,4.495779148208298,0.06987203516902935,0.08085017033248731,54.292415949960905
345,7.3349194725748115,24.01330469836823,0.041887978893390354,0.1164677487387894,105.5824863174355
346,0.5647204023233933,3.704518227690621,0.075188968609533,0.07758285961249745,51.290070367474584
347,7.029664905272278,23.582570356523256,0.05522011386735781,0.1345581280970639,91.82173573103987
348,1.616228942738212,3.7779062002710724,0.08362005404041767,0.11069640923260571,57.04456606724003
349,1.2245925422644695,2.296601539169551,0.009213808914089794,0.04732689019507674,51.290070367474584
350,0.4128376526135012,3.449908413005684,0.030517768743002716,0.06253871088890095,52.54104769351055
351,0.4197244880225573,2.596302864910859,0.0586429042036663,0.09109352339890497,53.04143862392494
352,7.708107231153561,22.99117738454688,0.03773030280139106,0.12430363952494206,83.56528537920249
353,0.7581601646332862,4.161528431625699,0.022538144328625276,0.07438763521833924,67.80297107114933
354,2.0991835249923927,3.5701998634131575,0.09922290272331302,0.11114148128383772,51.290070367474584
355,0.6021505190307046,4.170826576329636,0.01737120867549563,0.05392567648797708,48.788115715402654
356,0.9715089675014446,3.5836878030576624,0.04266115823692079,0.1294926348714217,56.794370602032835
357,0.8668632912983664,1.8145144967099713,0.07549994929603437,0.11296015917848312,56.293979671618445
358,1.1634916571438285,2.8201968115504124,0.016156989990652848,0.017945981716118387,57.79515246286161
359,2.766503885000785,4.445210450590933,0.04670572789611782,0.16945856002782367,54.292415949960905
360,0.6119834692734504,3.763920718028784,0.024125520914472787,0.054782344347131584,50.28928850664581
361,1.5158227174914598,4.603797043816306,0.02669082995793748,0.038912610734137765,64.05003909304143
362,0.19658598167878388,0.6443408504055432,0.04370455173583493,0.0758366377697618,50.53948397185301
363,1.5250060002433523,5.273562463008946,0.02561830600560827,0.07138013877588867,60.79749804534792
364,1.4995610557627668,2.2566422471836884,0.026081084151217793,0.14500132198199567,45.28537920250195
365,0.8121499732079286,4.080875414379033,0.004157830391652073,0.007004576806479701,56.293979671618445
366,2.5832236039641487,3.1603812116315124,0.05924641562582411,0.06730578398876652,49.78889757623143
367,3.0378436495522925,4.285626316660864,0.04999713659314048,0.054366400113698976,51.540265832681776
368,0.29672676202489495,1.6931181599866223,0.05536197244385055,0.08058351548901621,53.54182955433932
369,0.30871395293247555,1.0254664908887352,0.035155535403432525,0.07753954487113657,59.54652071931196
370,1.5857343065924745,5.0119431285877845,0.01998874500236597,0.08468299840259952,51.540265832681776
371,1.6603037657266304,3.510397495311491,0.0012264128178456901,0.01800316148029224,53.792025019546514
372,5.084735993826704,12.727469617032057,0.020160454652889848,0.08711800076600851,104.08131352619233
373,0.8129578375665123,2.3319836493371078,0.018387884794155873,0.04162927868696564,58.79593432369038
374,6.54694532851959,24.39987339603463,0.017553771316173583,0.14091270610869933,104.33150899139952
375,0.799955795542976,2.9576466422532777,0.008817613829595394,0.04510733211833151,48.53792025019546
376,1.7762147274659374,3.463491242149216,0.03025841203428631,0.09806216293660275,58.29554339327599
377,3.4560979333286483,16.75401233319232,0.03632986661765403,0.07656538352007436,70.80531665363564
378,3.115086892267286,4.62298278396529,0.016594403982967354,0.04926852027352613,57.79515246286161
379,1.2132137505512701,4.48759480571144,0.031004554545248142,0.056676852080580487,57.54495699765442
380,0.7831196184209216,1.9304576272226353,0.02097666629304712,0.16050454316132678,54.79280688037529
381,0.44017080015942855,3.3563681281273037,0.0641327909980785,0.09797806420560251,56.54417513682564
382,1.8273116221502406,3.6665890087007034,0.013512400588902351,0.047544392644355504,48.53792025019546
383,0.7439513540343358,4.114570276135701,0.042490943127380165,0.10192246436613173,52.79124315871775
384,1.3588191617821521,3.811957084164785,0.02171711945197069,0.06187913910979026,51.03987490226739
385,6.2499310603459435,22.554589030197693,0.02891854073073874,0.03593401384530015,109.58561376075058
386,1.850102185400808,3.274224495329696,0.10510835645276656,0.12602749124881318,50.7896794370602
387,0.45843429682731157,1.0717148815733994,0.011815703955819545,0.0725375374055417,47.2869429241595
388,2.501182256597348,4.65898477447597,0.0756478687448659,0.10858014939914395,59.046129788897574
389,2.1160078960291293,3.6320474035147936,0.024898047224806097,0.11498612193339364,52.29085222830336
390,2.9073122848871913,5.401291294733333,0.014177101644113066,0.03419445740659621,52.54104769351055
391,1.12714840084121,3.5496531440268453,0.08172830805632192,0.19339297850902526,52.79124315871775
392,1.3208424484397268,3.8034607955628297,0.1597399173006887,0.20672273126676388,61.04769351055511
393,0.25832706396370736,1.5997268453308442,0.08205300744792487,0.09364286701483948,57.54495699765442
394,7.917432268669325,24.56726403475509,0.021297757916025783,0.06874258798139687,88.56919468334635
395,1.3535276374479632,2.190916707808181,0.09568742514186818,0.11362352437226098,48.53792025019546
396,1.66257295531935,4.65894959459344,0.133485599943241,0.16895705241824677,57.04456606724003
397,1.6299427540857374,3.3043920654754877,0.0022317047409985413,0.055984626629028256,48.53792025019546
398,2.1054422905569448,6.336441112847845,0.1566652198443223,0.19584146149374038,55.79358874120406
399,0.2211209873001372,1.3437157787816711,0.018097404515241333,0.05793329270357339,48.28772478498827
400,0.6229234389238781,2.935512088171521,0.025237051407593802,0.10221582570186649,49.288506645817044
401,0.7264320796018602,3.7851414855607217,0.048543865542400255,0.07417374954080547,62.298670836591086
402,1.9265435689027812,3.364522649126309,0.07262477959109542,0.0860164191179813,56.794370602032835
403,1.365997846122359,3.7268152346989973,0.020288401949427548,0.08919987032637278,51.03987490226739
404,0.3599510937642299,1.0272372553299254,0.005777687796071684,0.057500815873909095,46.78655199374511
405,1.864025729832765,2.5711768809711533,0.09872608012670708,0.14391056720115847,52.79124315871775
406,2.5129946929754783,7.325101225375284,0.02130740711043716,0.07628525181507184,59.79671618451915
407,0.6920733725786353,3.5487381128684747,0.06294854222175489,0.08202212756067417,57.04456606724003
408,5.677230889900204,10.488855421283235,0.02837521072086796,0.11171098922696299,89.31978107896794
409,1.045742930697122,3.4310709810606705,0.06121830697928016,0.13341517798241098,65.80140734949178
410,2.4261995718368943,4.271948194429901,0.01257159703521099,0.11810345721852955,48.788115715402654
411,1.5978941232086012,4.670714475891509,0.13803391326662495,0.16294438412589574,63.04925723221266
412,1.3261492332366291,6.920534359661404,0.006800935912899375,0.013667106664776663,70.05473025801408
413,2.7677000842953126,6.822511784668189,0.03830906580428739,0.05162109297169282,60.79749804534792
414,1.4794071680863934,3.2899257769564754,0.0004709326402262959,0.014921571663417676,62.54886630179828
415,0.5371101849902207,2.006296785648926,0.00046048188026631687,0.05953437332177158,45.78577013291634
416,0.2251075385138789,1.1617695077062837,0.00499343615266068,0.03520337623856684,50.03909304143862
417,1.1693619663718422,3.6025285926106347,0.09081683254195999,0.15950457715547972,54.79280688037529
418,2.1732534758739788,3.1642894613461987,0.07562566166074425,0.10682502684637829,49.288506645817044
419,7.3962749127175,26.587565885255746,0.019181872487632312,0.10809343855632758,107.08365910867865
420,4.227407633882251,5.370920696451791,0.0892576939795372,0.18832234730333952,49.288506645817044
421,1.6332490876353183,3.3650861540565824,0.010267662741719474,0.03835723069875796,49.538702111024236
422,1.9985087780720696,2.7590860722824377,0.06424623896105602,0.06475929220273913,57.04456606724003
423,3.8268966793725676,6.542705630072533,0.03529831102315506,0.10096286436006219,59.296325254104765
424,2.911474836885334,4.202555593946365,0.11414382109416893,0.1527227703005286,57.04456606724003
425,3.618489270369344,5.827807933550649,0.0240365427495024,0.04870977588815839,55.54339327599687
426,1.3007677980377275,2.5297180810387774,0.03979196946512714,0.04820621724754082,58.29554339327599
427,6.4936534576121385,21.055396659478372,0.06881827397918355,0.13923705251852947,94.82408131352618
428,4.709067037897037,20.553420744876995,0.03477168374349371,0.09911610428602236,77.06020328381547
429,2.830932116692679,8.185434139107356,0.016716729902060523,0.05097743760349227,68.30336200156371
430,0.8488589654697565,1.5573279573846643,0.02847863948685192,0.03609081333205566,52.040656763096166
431,0.8904562490178161,3.0813177332170545,0.04882326801904413,0.12596159515768734,52.29085222830336
432,2.5753512896804907,6.698150503425623,0.048676341719893934,0.08760305446888339,62.298670836591086
433,1.9805407575586487,7.359855015933882,0.022628685502109946,0.0851902713583943,65.3010164190774
434,2.8230656116892376,4.65149486834716,0.03306688694153759,0.0995773970496957,59.79671618451915
435,0.45329813725039897,2.8404771950199446,0.0010156615126966084,0.07907253752363863,57.29476153244722
436,1.301134147814744,1.7882995672143251,0.012073945611287051,0.1824339984010468,48.53792025019546
437,1.000492858898332,3.749453436758338,0.05974499956217283,0.07345082936854264,58.54573885848318
438,1.1172533225278292,2.0265632128790663,0.01737391731945037,0.045116922214591404,50.28928850664581
439,0.6867036847755169,4.1494476117784425,0.046949569326230844,0.04710724045014614,57.79515246286161
440,1.362445940235433,3.822444440042391,0.04497930354770224,0.10914000841944971,49.288506645817044
441,2.694946798379513,4.761342855985465,0.023930787697206635,0.07460884834767667,49.288506645817044
442,1.740504652782919,2.3547193752932083,0.005535243767448905,0.08908765463674984,57.79515246286161
443,0.4311138975870402,1.9776723302939323,0.07541882941500949,0.11485439564590305,61.548084440969504
444,1.0502204852236137,6.0478972419258685,0.019094816554056537,0.02943321850090952,73.55746677091477
445,4.242312189352205,8.47083636914159,0.08768469644842541,0.15953954962618144,60.54730258014073
446,1.765000157609527,2.745467854900894,0.07439819169667189,0.12899965170492644,52.54104769351055
447,0.3650556510257077,1.4925536803241999,0.010108434267135147,0.10742167448925466,58.54573885848318
448,2.063276187864128,3.799286363827406,0.02233241447375628,0.04313965424023902,59.046129788897574
449,1.1140303485741092,4.294660314375147,0.019033233662864135,0.06848046490666171,56.54417513682564
450,2.4544351968865508,12.51921203486404,0.011388081796093075,0.017822863879686235,65.5512118842846
451,0.33366636893920265,2.422677606320971,0.013136967624209461,0.10069596753320331,50.28928850664581
452,0.792050470053968,3.2232507572831435,0.0025388738510672693,0.057117663971164356,59.79671618451915
453,0.5586920623938368,3.861692898114419,0.021655264834275045,0.07902978174545428,52.79124315871775
454,0.5868111568651738,2.8377023959669354,0.09143914902895184,0.171256199833138,54.04222048475371
455,1.039294041427349,3.2786305235533053,0.06371314961993418,0.08253648308108885,55.04300234558248
456,8.092768204083404,25.86649970198726,0.06878331580723884,0.11331093017641836,96.07505863956214
457,2.9528331251444375,3.7418568927439817,0.04516696557310618,0.13123141574477815,52.54104769351055
458,0.9511076286979103,4.552619872388769,0.024223473094961534,0.06992592958981148,53.792025019546514
459,2.2894146663186774,3.5938965696980674,0.0722088025884482,0.1200866614683398,60.54730258014073
460,0.9731936466445958,5.257197881836969,0.03785113916126498,0.1381865545351455,58.0453479280688
461,2.626139191228854,4.466544210827909,0.0024279887694092506,0.03696651761302716,55.04300234558248
462,3.3732242500980503,8.070565958031052,0.0661037431467908,0.07191689920282274,55.79358874120406
463,7.48915497468795,20.31720788998816,0.05834787972075445,0.15453848437926843,89.82017200938232
464,2.5375687095328434,5.34567564371455,0.015395943932659972,0.11077723540104312,51.03987490226739
465,1.5433765137007571,4.012822228601593,0.02311087401839057,0.057860259546208104,53.04143862392494
466,0.8705853689819524,2.6299927975341886,0.006866894627077291,0.06059831897627033,49.538702111024236
467,0.7696700960517107,1.996692173519069,0.03191570449229042,0.08237750804347432,48.788115715402654
468,6.886287068698482,19.75187355081398,0.10110841187620079,0.15136860194177226,89.82017200938232
469,0.5876243281167207,1.024213547467228,0.06438445482111893,0.07491869330201462,45.28537920250195
470,6.225114638451872,20.531423368011456,0.04567205195396373,0.06598454468843773,106.83346364347146
471,0.5215022527209875,2.6591713527504695,0.036308953477375505,0.14482066163008955,51.540265832681776
472,2.2306505280936575,4.1143142633875724,0.0413902019846743,0.06935410828548605,56.54417513682564
473,3.5080031430107876,5.318360517506637,0.08144874134326596,0.09210991190373563,53.792025019546514
474,0.7145968429789402,2.1110190963463333,0.058891897408927585,0.1039615643655808,62.298670836591086
475,1.7237684129953361,4.026081049926639,0.014165376091635928,0.027154741405730376,56.04378420641125
476,0.7855326709610677,2.13580155478707,0.038783883782520734,0.1724564206570448,54.04222048475371
477,6.6344756843112,22.038841816432623,0.0268448332698768,0.09890990389084364,115.34010946051602
478,5.909772020963751,19.61496489380457,0.04822190469699317,0.18507308160187397,78.81157154026583
479,0.32444728484495217,2.070743718945013,0.02403192592200515,0.08224292183725657,49.288506645817044
